"title","iati_id","score"
NA,"XI-IATI-EBRD",7.13474584976211
NA,NA,NA
NA,"41108",14.728984083049
NA,"XM-DAC-30010",10.5349239637144
NA,"44000",3.23283523670398
NA,"XM-DAC-41114",7.41937844781205
NA,"41119",9.71398911788128
NA,"41122",8.81247989600524
NA,"41AAA",8.76953715342097
NA,"XM-DAC-41140",6.36880982550792
