"name","iati_id","score"
"ifad","41108",14.3391897005495
"unicef","41122",13.5983664973173
"unfpa","41119",10.5348952452186
"unops","41AAA",9.42590698250569
"ebrd","XI-IATI-EBRD",8.91464413027279
"undp","XM-DAC-41114",2.72707695490681
"wfp","XM-DAC-41140",2.67890821793117
"worldbank","44000",2.22288409131579
"utd","XM-DAC-30010",1.42752023180947
