"name","iati_id","score"
"btc-ctb","BE-BCE_KBO-0264814354",13.3036364265718
"asf","BE-BCE-0447404580",7.95181452529505
"be-dgd","BE-10",2.99797034240328
