"title","iati_id","score"
NA,"BE-BCE-0447404580",11.0937569278758
NA,"BE-10",4.08327847835608
NA,"BE-BCE_KBO-0264814354",7.22771891509183
NA,NA,NA
