"title","iati_id","score"
NA,"CA-3",6.71254057553597
NA,"CA-CRA-89980-1815-RR0001",0.0182413368020207
NA,"CA-4",10.4478171758819
NA,NA,NA
NA,"XM-DAC-301-2",5.04703818121925
NA,"CA-CRA_ARC-119304848",8.62230296479538
