"name","iati_id","score"
"idrccrdi","XM-DAC-301-2",14.2483339004684
"finance_canada","CA-4",9.59440637729131
"gac-amc","CA-3",4.16584838647395
"ewb_canada","CA-CRA-89980-1815-RR0001",3.95806596963666
"wusc","CA-CRA_ARC-119304848",1.48927465779707
