"name","iati_id","score"
"gavi","47122",9.72487374208868
"theglobalfund","47045",6.34340084739961
"sdc_ch","CH-4",2.42426175973378
"gain","30001",1.0518321976997
