"title","iati_id","score"
NA,"47122",7.47233588481322
NA,"30001",7.02257578494027
NA,NA,NA
NA,"CH-4",0.00751734129153192
NA,"47045",8.40221553342417
