"title","iati_id","score"
NA,"XI-IATI-IKI",12.5415265629999
NA,"DE-1",9.45752978674136
NA,NA,NA
NA,"21033",14.7060706350021
