"title","iati_id","score"
NA,"FR-SIRET-4028868160030",10.4205399833154
NA,"FR-3",8.70559848379344
NA,"FR-PDR-W691075333",12.2173057822511
NA,NA,NA
NA,"FR-6",3.38223274564371
