"name","iati_id","score"
"acted","FR-SIRET-4028868160030",14.740916644223
"hifed","FR-PDR-W691075333",13.097869141493
"afd","FR-3",8.77042040345259
"france","FR-6",2.27791177108884
