"title","iati_id","score"
NA,"GH-DSW-258",5.68759804358706
NA,"GB-COH-07669775",7.06414009560831
NA,NA,NA
NA,"GH-DSW-TBD",2.74279491277412
NA,"GB-CHC-1145119",0.531990128802136
