"title","iati_id","score"
NA,NA,NA
NA,"IN-",1.95384368416853
NA,"IN-ITA-1886",11.1853491165675
NA,"ciks",3.89592619612813
NA,"IN-MCA-U74999DL2004NPL131340",4.13032806012779
NA,"IN-AR-775",7.42204885231331
NA,"IN-MCA-TBD",10.9678546409123
