"title","iati_id","score"
NA,"KE-NGC-9381",0.0322141719516367
NA,"GB-CHC-1142476",13.5255352954846
NA,NA,NA
NA,"KE-NGC-3372",6.45229004323483
NA,"TZ-BRLA-36057",6.17625261191279
NA,"KE-NCB-TBD",6.3587088638451
