"name","iati_id","score"
"umn","XI-IATI-1002",5.2417553588748
"phase-nepal","NP-DAO-531/062/063",3.06792948511429
"base_22","NP-DAO-DANG-18-046/47",0.0382533192168921
