"title","iati_id","score"
NA,"NP-DAO-DANG-18-046/47",7.46605496155098
NA,NA,NA
NA,"NP-DAO-531/062/063",2.92946533416398
NA,"XI-IATI-1002",8.19172218558379
