"title","iati_id","score"
NA,"UG-NGB-5914-9186",3.87649547075853
NA,NA,NA
NA,"SACU",9.7384952637367
NA,"UG-NGB-5914-1107",9.33277477626689
