"name","iati_id","score"
"sacu","SACU",7.54446958308108
"crane","UG-NGB-5914-9186",3.75016157166101
"stromme_ug","UG-NGB-5914-1107",2.71936673205346
