"name","iati_id","score"
"m2m_sa","ZA-NPO-025-359",10.9611393499654
"hsa","ZA-NPO-013484",10.1400746474974
"gl","ZA-CIPC-2001/005850/08",5.51605025888421
"solidaridad-southern-africa","ZA-NPO-TBD",4.23153801471926
"dthfxx12","ZA-ROC-1999/05072/08",0.865091989981011
